timestamp,address,operation
1,0x7ffed34b9540,1
105,0x7ffed34b9540,1
108,0x7ffed34b9500,1
205,0x7ffed34b9500,1
216,0x7ffed34b9480,1
313,0x7ffed34b9480,1
314,0x7ffed34b94c0,1
418,0x7ffed34b94c0,1
419,0x7fc6c03aee00,0
516,0x7fc6c03aee00,0
517,0x7fc6c03aee00,1
519,0x7fc6c03aea80,1
616,0x7fc6c03aea80,1
619,0x7fc6c03ada40,1
723,0x7fc6c03ada40,1
724,0x7fc6c03ade40,0
827,0x7fc6c03ade40,0
828,0x7fc6c03aeac0,1
932,0x7fc6c03aeac0,1
935,0x7fc6c03aeb40,1
1039,0x7fc6c03aeb40,1
1044,0x7fc6c03aeb00,1
1141,0x7fc6c03aeb00,1
1158,0x7fc6c03aed80,1
1255,0x7fc6c03aed80,1
1256,0x7fc6c03ade80,0
1353,0x7fc6c03ade80,0
1379,0x7fc6c03adec0,0
1483,0x7fc6c03adec0,0
1511,0x7fc6c03aec40,1
1615,0x7fc6c03aec40,1
1616,0x7fc6c03adf00,0
1713,0x7fc6c03adf00,0
1728,0x7fc6c03aebc0,1
1832,0x7fc6c03aebc0,1
1854,0x7fc6c03aec80,1
1951,0x7fc6c03aec80,1
1952,0x7fc6c03adf40,0
2056,0x7fc6c03adf40,0
2059,0x7fc6c03aec00,1
2156,0x7fc6c03aec00,1
2177,0x7fc6c03aeb80,0
2274,0x7fc6c03aeb80,0
2281,0x7fc6c03ade40,1
2290,0x7fc6c03ade80,1
2304,0x7fc6c03adf40,1
2330,0x7fc6c03adec0,1
2374,0x7fc6c0376d80,0
2471,0x7fc6c0376d80,0
2473,0x7fc6c03ac340,0
2577,0x7fc6c03ac340,0
2578,0x7fc6c03ac340,1
2584,0x7fc6c03add80,0
2681,0x7fc6c03add80,0
2682,0x7fc6c03add80,1
2717,0x7fc6c03addc0,0
2821,0x7fc6c03addc0,0
2821,0x7fc6c03addc0,1
2831,0x7fc6c03ade00,0
2928,0x7fc6c03ade00,0
2928,0x7fc6c03ade00,1
3024,0x7fc6c0376d40,0
3128,0x7fc6c0376d40,0
3136,0x7fc6c03767c0,0
3239,0x7fc6c03767c0,0
3250,0x7fc6c03adfc0,1
3354,0x7fc6c03adfc0,1
3366,0x7fc6c0376840,0
3470,0x7fc6c0376840,0
3493,0x7fc6c0376580,0
3590,0x7fc6c0376580,0
3634,0x7fc6c03ada00,1
3731,0x7fc6c03ada00,1
3761,0x7fc6c0376400,0
3858,0x7fc6c0376400,0
3859,0x7fc6c03aedc0,1
3963,0x7fc6c03aedc0,1
3998,0x7fc6c03aee40,1
4102,0x7fc6c03aee40,1
4108,0x7ffed34b9440,1
4212,0x7ffed34b9440,1
4222,0x7ffed34b9400,1
4320,0x7ffed34b9400,1
4330,0x7fc6c03ada80,1
4427,0x7fc6c03ada80,1
4431,0x7fc6c03af2c0,1
4535,0x7fc6c03af2c0,1
4541,0x7ffed34b9580,0
4638,0x7ffed34b9580,0
4662,0x7ffed34b95c0,0
4766,0x7ffed34b95c0,0
4790,0x7ffed34b9600,0
4887,0x7ffed34b9600,0
4911,0x7ffed34b9640,0
5015,0x7ffed34b9640,0
5039,0x7ffed34b9680,0
5136,0x7ffed34b9680,0
5160,0x7ffed34b96c0,0
5264,0x7ffed34b96c0,0
5288,0x7ffed34b9700,0
5385,0x7ffed34b9700,0
5409,0x7ffed34b9740,0
5513,0x7ffed34b9740,0
5537,0x7ffed34b9780,0
5634,0x7ffed34b9780,0
5637,0x7ffed34b9280,1
5734,0x7ffed34b9280,1
5751,0x7ffed34b92c0,1
5855,0x7ffed34b92c0,1
5871,0x7ffed34b9300,1
5969,0x7ffed34b9300,1
5985,0x7ffed34b9340,1
6089,0x7ffed34b9340,1
6106,0x7ffed34b9380,1
6203,0x7ffed34b9380,1
6220,0x7ffed34b93c0,1
6324,0x7ffed34b93c0,1
6353,0x7fc6c03adb00,1
6450,0x7fc6c03adb00,1
6487,0x7ffed34b97c0,0
6591,0x7ffed34b97c0,0
6626,0x7ffed34b9800,0
6723,0x7ffed34b9800,0
6758,0x7ffed34b9840,0
6862,0x7ffed34b9840,0
6897,0x7ffed34b9880,0
6994,0x7ffed34b9880,0
7029,0x7ffed34b98c0,0
7133,0x7ffed34b98c0,0
7181,0x7fc6c03adac0,1
7285,0x7fc6c03adac0,1
7348,0x7ffed34ba040,0
7451,0x7ffed34ba040,0
7488,0x7fc6c03ac480,0
7585,0x7fc6c03ac480,0
7593,0x7fc6c03ac500,0
7690,0x7fc6c03ac500,0
7701,0x7fc6c03ac580,0
7798,0x7fc6c03ac580,0
7805,0x7fc6c03ac640,0
7909,0x7fc6c03ac640,0
7916,0x7fc6c03ac6c0,0
8020,0x7fc6c03ac6c0,0
8027,0x7fc6c03ac740,0
8131,0x7fc6c03ac740,0
8138,0x7fc6c03ac7c0,0
8242,0x7fc6c03ac7c0,0
8250,0x7fc6c03ac840,0
8354,0x7fc6c03ac840,0
8361,0x7fc6c03ac8c0,0
8465,0x7fc6c03ac8c0,0
8472,0x7fc6c03ac940,0
8576,0x7fc6c03ac940,0
8583,0x7fc6c03ac9c0,0
8687,0x7fc6c03ac9c0,0
8694,0x7fc6c03aca80,0
8791,0x7fc6c03aca80,0
8799,0x7fc6c03acb00,0
8896,0x7fc6c03acb00,0
8907,0x7fc6c03acb80,0
9004,0x7fc6c03acb80,0
9015,0x7fc6c03acc00,0
9112,0x7fc6c03acc00,0
9123,0x7fc6c03acc80,0
9220,0x7fc6c03acc80,0
9227,0x7fc6c03acd00,0
9324,0x7fc6c03acd00,0
9331,0x7fc6c03acd80,0
9428,0x7fc6c03acd80,0
9436,0x7fc6c03ace00,0
9533,0x7fc6c03ace00,0
9540,0x7fc6c03acec0,0
9644,0x7fc6c03acec0,0
9655,0x7fc6c03acf40,0
9759,0x7fc6c03acf40,0
9766,0x7fc6c03acfc0,0
9870,0x7fc6c03acfc0,0
9877,0x7fc6c03ad040,0
9981,0x7fc6c03ad040,0
9988,0x7fc6c03ad0c0,0
10092,0x7fc6c03ad0c0,0
10103,0x7fc6c03ad140,0
10207,0x7fc6c03ad140,0
10214,0x7fc6c03ad1c0,0
10318,0x7fc6c03ad1c0,0
10326,0x7fc6c03ad240,0
10429,0x7fc6c03ad240,0
10440,0x7fc6c03ad300,0
10537,0x7fc6c03ad300,0
10545,0x7fc6c03ad380,0
10642,0x7fc6c03ad380,0
10649,0x7fc6c03ad400,0
10746,0x7fc6c03ad400,0
10753,0x7fc6c03ad480,0
10850,0x7fc6c03ad480,0
10858,0x7fc6c03ad500,0
10955,0x7fc6c03ad500,0
10966,0x7fc6c03ad580,0
11063,0x7fc6c03ad580,0
11070,0x7fc6c03ad600,0
11167,0x7fc6c03ad600,0
11178,0x7fc6c03ad680,0
11275,0x7fc6c03ad680,0
11282,0x7fc6c03ad740,0
11386,0x7fc6c03ad740,0
11393,0x7fc6c03ad7c0,0
11497,0x7fc6c03ad7c0,0
11505,0x7fc6c03ad840,0
11609,0x7fc6c03ad840,0
11616,0x7fc6c03ad8c0,0
11720,0x7fc6c03ad8c0,0
11731,0x7fc6c03ad940,0
11835,0x7fc6c03ad940,0
11842,0x7fc6c03ad9c0,0
11946,0x7fc6c03ad9c0,0
12888,0x7ffed34ba080,0
12985,0x7ffed34ba080,0
13551,0x7ffed34ba100,0
13648,0x7ffed34ba100,0
13719,0x7ffed34ba140,0
13823,0x7ffed34ba140,0
14853,0x7fc6c03a4300,0
14950,0x7fc6c03a4300,0
15352,0x7ffed34ba180,0
15449,0x7ffed34ba180,0
16358,0x7ffed34ba1c0,0
16462,0x7ffed34ba1c0,0
17481,0x7ffed34ba200,0
17578,0x7ffed34ba200,0
18427,0x7ffed34ba240,0
18531,0x7ffed34ba240,0
19401,0x7ffed34ba280,0
19498,0x7ffed34ba280,0
20005,0x7ffed34ba300,0
20102,0x7ffed34ba300,0
20623,0x7ffed34ba340,0
20727,0x7ffed34ba340,0
20833,0x7ffed34ba380,0
20930,0x7ffed34ba380,0
22755,0x7ffed34ba3c0,0
22859,0x7ffed34ba3c0,0
23778,0x7ffed34baac0,0
23882,0x7ffed34baac0,0
23928,0x7ffed34bab00,0
24025,0x7ffed34bab00,0
24454,0x7ffed34bab40,0
24558,0x7ffed34bab40,0
24589,0x7ffed34bab80,0
24686,0x7ffed34bab80,0
25611,0x7ffed34bac00,0
25708,0x7ffed34bac00,0
26230,0x7ffed34bad00,0
26327,0x7ffed34bad00,0
26363,0x7ffed34bad40,0
26467,0x7ffed34bad40,0
27498,0x7ffed34bad80,0
27595,0x7ffed34bad80,0
28044,0x7ffed34baf00,0
28141,0x7ffed34baf00,0
28765,0x7ffed34baf40,0
28869,0x7ffed34baf40,0
30240,0x7ffed34baf80,0
30337,0x7ffed34baf80,0
30806,0x7ffed34bafc0,0
30910,0x7ffed34bafc0,0
32286,0x7ffed34bb000,0
32383,0x7ffed34bb000,0
33775,0x7ffed34bb040,0
33879,0x7ffed34bb040,0
35228,0x7ffed34bb080,0
35325,0x7ffed34bb080,0
35865,0x7ffed34bb180,0
35962,0x7ffed34bb180,0
36083,0x7ffed34bb1c0,0
36187,0x7ffed34bb1c0,0
36621,0x7ffed34bb200,0
36718,0x7ffed34bb200,0
37637,0x7ffed34bb240,0
37741,0x7ffed34bb240,0
38262,0x7ffed34bb2c0,0
38366,0x7ffed34bb2c0,0
38838,0x7ffed34bb300,0
38935,0x7ffed34bb300,0
39361,0x7ffed34bb5c0,0
39465,0x7ffed34bb5c0,0
39521,0x7ffed34bb600,0
39618,0x7ffed34bb600,0
40568,0x7ffed34bb640,0
40672,0x7ffed34bb640,0
41554,0x7ffed34bb680,0
41651,0x7ffed34bb680,0
42620,0x7ffed34bb6c0,0
42724,0x7ffed34bb6c0,0
42785,0x7ffed34bb700,0
42882,0x7ffed34bb700,0
43311,0x7ffed34bb880,0
43408,0x7ffed34bb880,0
43870,0x7ffed34bb8c0,0
43974,0x7ffed34bb8c0,0
44500,0x7ffed34bba40,0
44604,0x7ffed34bba40,0
45130,0x7ffed34bbc00,0
45227,0x7ffed34bbc00,0
45278,0x7ffed34bbc40,0
45382,0x7ffed34bbc40,0
45892,0x7ffed34bbdc0,0
45996,0x7ffed34bbdc0,0
46552,0x7ffed34bbf40,0
46656,0x7ffed34bbf40,0
46656,0x7ffed34bbf80,0
46753,0x7ffed34bbf80,0
47751,0x7ffed34bbfc0,0
47855,0x7ffed34bbfc0,0
48415,0x7fc6c03aca40,0
48519,0x7fc6c03aca40,0
67764,0x7fc6c03af280,1
67862,0x7fc6c03af280,1
67894,0x7fc6c03add00,1
67991,0x7fc6c03add00,1
68041,0x7fc6c03adb40,1
68145,0x7fc6c03adb40,1
68157,0x7fc6c03adbc0,1
68261,0x7fc6c03adbc0,1
68272,0x7fc6c03adb80,1
68369,0x7fc6c03adb80,1
68381,0x7fc6c03adc00,1
68478,0x7fc6c03adc00,1
68590,0x7ffed34b9200,1
68687,0x7ffed34b9200,1
68753,0x7ffed34b91c0,1
68857,0x7ffed34b91c0,1
68876,0x7fc6c03adc40,0
68980,0x7fc6c03adc40,0
68981,0x7fc6c03adc40,1
69190,0x7ffed34b9240,1
69294,0x7ffed34b9240,1
69628,0x7fc6c03a25c0,0
69732,0x7fc6c03a25c0,0
69735,0x7fc6c03a24c0,0
69839,0x7fc6c03a24c0,0
69963,0x7fc6c03a2700,0
70060,0x7fc6c03a2700,0
70064,0x7fc6c03a2680,0
70161,0x7fc6c03a2680,0
70166,0x7fc6c03a2640,0
70270,0x7fc6c03a2640,0
70280,0x7fc6c03a2600,0
70377,0x7fc6c03a2600,0
72451,0x7fc6c03adcc0,1
72555,0x7fc6c03adcc0,1
72556,0x7fc6c03adc80,1
72653,0x7fc6c03adc80,1
72710,0x7fc6c03ac880,0
72807,0x7fc6c03ac880,0
72832,0x7fc6c03ac900,0
72929,0x7fc6c03ac900,0
72954,0x7fc6c03ac800,0
73051,0x7fc6c03ac800,0
73084,0x7fc6c03ac680,0
73181,0x7fc6c03ac680,0
73211,0x7fc6c03ad180,0
73308,0x7fc6c03ad180,0
73383,0x7fc6c03ac8c0,1
73384,0x7fc6c03ac880,1
73453,0x7fc6c03ac940,1
73525,0x7fc6c03ac840,1
73526,0x7fc6c03ac800,1
73593,0x7fc6c03ac680,1
73599,0x7fc6c03ac6c0,1
73662,0x7fc6c03ad1c0,1
73709,0x7fc6c03ad780,0
73806,0x7fc6c03ad780,0
73826,0x7fc6c03acb40,0
73930,0x7fc6c03acb40,0
73979,0x7fc6c03acf00,0
74076,0x7fc6c03acf00,0
74096,0x7fc6c03ad3c0,0
74199,0x7fc6c03ad3c0,0
74219,0x7fc6c03accc0,0
74323,0x7fc6c03accc0,0
74364,0x7fc6c03a4440,0
74468,0x7fc6c03a4440,0
74553,0x7ffed34b9180,1
74650,0x7ffed34b9180,1
74653,0x7fc6c03af080,1
74750,0x7fc6c03af080,1
74752,0x7fc6c03af0c0,1
74856,0x7fc6c03af0c0,1
75260,0x7fc6c03a3180,0
75357,0x7fc6c03a3180,0
75564,0x7fc6c03a3140,0
75668,0x7fc6c03a3140,0
75720,0x7ffed34b9140,1
75823,0x7ffed34b9140,1
75839,0x7ffed34b9100,1
75936,0x7ffed34b9100,1
75974,0x7ffed34b90c0,1
76078,0x7ffed34b90c0,1
76080,0x7fc6c03af180,0
76177,0x7fc6c03af180,0
76183,0x7fc6c03af180,1
76213,0x7fc6c03af300,1
76310,0x7fc6c03af300,1
76313,0x7fc6c03af5c0,1
76417,0x7fc6c03af5c0,1
76431,0x7fc6c03a4f80,0
76528,0x7fc6c03a4f80,0
76529,0x7fc6c03af880,1
76626,0x7fc6c03af880,1
76642,0x7fc6c03af600,0
76739,0x7fc6c03af600,0
76745,0x7fc6c03af600,1
76749,0x7fc6c03af6c0,1
76853,0x7fc6c03af6c0,1
76863,0x7fc6c03af780,1
76960,0x7fc6c03af780,1
76968,0x7fc6c03af7c0,1
77072,0x7fc6c03af7c0,1
77082,0x7fc6c03af800,1
77179,0x7fc6c03af800,1
77190,0x7fc6c03af840,1
77294,0x7fc6c03af840,1
77308,0x7fc6c03af680,1
77405,0x7fc6c03af680,1
77407,0x7fc6c03ae000,0
77504,0x7fc6c03ae000,0
77583,0x7fc6c03ae000,1
77623,0x7fc6c03a8480,0
77720,0x7fc6c03a8480,0
77730,0x7fc6c03af640,1
77834,0x7fc6c03af640,1
77844,0x400040,0
77948,0x400040,0
77973,0x400080,0
78070,0x400080,0
78089,0x4000c0,0
78193,0x4000c0,0
78239,0x400100,0
78336,0x400100,0
78367,0x400140,0
78471,0x400140,0
78502,0x400180,0
78599,0x400180,0
78634,0x4001c0,0
78738,0x4001c0,0
78746,0x400200,0
78843,0x400200,0
78856,0x7fc6c03a31c0,0
78960,0x7fc6c03a31c0,0
78962,0x400240,0
79066,0x400240,0
79072,0x7fc6c03af740,1
79176,0x7fc6c03af740,1
79192,0x7fc6c03af040,1
79296,0x7fc6c03af040,1
79304,0x400280,0
79401,0x400280,0
79406,0x4002c0,0
79510,0x4002c0,0
79519,0x400300,0
79616,0x400300,0
79668,0x400340,0
79772,0x400340,0
79786,0x400380,0
79883,0x400380,0
80026,0x7fc6c0376bc0,0
80130,0x7fc6c0376bc0,0
80147,0x7fc6c03af240,1
80251,0x7fc6c03af240,1
80271,0xa28dc0,0
80375,0xa28dc0,0
80395,0xa28e00,0
80492,0xa28e00,0
80502,0x7fc6c03af380,1
80599,0x7fc6c03af380,1
80611,0x7fc6c03af3c0,1
80715,0x7fc6c03af3c0,1
80716,0xa28e40,0
80820,0xa28e40,0
80837,0x7fc6c03af400,1
80934,0x7fc6c03af400,1
80950,0x7fc6c03af580,1
81047,0x7fc6c03af580,1
81048,0xa28e80,0
81145,0xa28e80,0
81148,0x7fc6c03af340,1
81252,0x7fc6c03af340,1
81274,0xa28ec0,0
81378,0xa28ec0,0
81403,0xa28f00,0
81501,0xa28f00,0
81526,0xa28f40,0
81630,0xa28f40,0
81639,0x7fc6c03af440,1
81742,0x7fc6c03af440,1
81765,0x7fc6c03af4c0,1
81869,0x7fc6c03af4c0,1
81910,0x7fc6c03af480,0
82007,0x7fc6c03af480,0
82033,0x4003c0,0
82137,0x4003c0,0
82281,0x7fc6c03af8c0,1
82385,0x7fc6c03af8c0,1
82389,0x7fc6c03afbc0,1
82492,0x7fc6c03afbc0,1
82508,0x7fc6c03afe80,1
82605,0x7fc6c03afe80,1
82621,0x7fc6c03afc00,0
82718,0x7fc6c03afc00,0
82725,0x7fc6c03afc00,1
82728,0x7fc6c03afcc0,1
82832,0x7fc6c03afcc0,1
82843,0x7fc6c03afd40,1
82947,0x7fc6c03afd40,1
82948,0x7fc6c03afd80,1
83045,0x7fc6c03afd80,1
83056,0x7fc6c03afdc0,1
83159,0x7fc6c03afdc0,1
83170,0x7fc6c03afe00,1
83267,0x7fc6c03afe00,1
83277,0x7fc6c03afe40,1
83381,0x7fc6c03afe40,1
83390,0x7fc6c03afc80,1
83487,0x7fc6c03afc80,1
83495,0x7fc6c03afc40,1
83599,0x7fc6c03afc40,1
83637,0x7ffed3550000,0
83734,0x7ffed3550000,0
83738,0x7fc6c03afb80,1
83835,0x7fc6c03afb80,1
83841,0x7ffed3550040,0
83945,0x7ffed3550040,0
83968,0x7ffed3550080,0
84065,0x7ffed3550080,0
84090,0x7ffed35500c0,0
84194,0x7ffed35500c0,0
84216,0x7ffed3550380,0
84313,0x7ffed3550380,0
84317,0x7fc6c03af940,1
84421,0x7fc6c03af940,1
84426,0x7fc6c03af980,1
84523,0x7fc6c03af980,1
84524,0x7ffed35503c0,0
84628,0x7ffed35503c0,0
84631,0x7fc6c03af900,1
84728,0x7fc6c03af900,1
84761,0x7ffed3550400,0
84858,0x7ffed3550400,0
84880,0x7fc6c03afa40,1
84984,0x7fc6c03afa40,1
84996,0x7ffed3550440,0
85100,0x7ffed3550440,0
85108,0x7fc6c03afac0,1
85212,0x7fc6c03afac0,1
85226,0x7fc6c03afa00,0
85323,0x7fc6c03afa00,0
85325,0x7fc6c03af9c0,0
85429,0x7fc6c03af9c0,0
85451,0x7ffed3550140,0
85555,0x7ffed3550140,0
85749,0x7fc6c03a4ec0,0
85853,0x7fc6c03a4ec0,0
85986,0x7ffed34b9080,1
86083,0x7ffed34b9080,1
86105,0x7ffed34b9040,1
86209,0x7ffed34b9040,1
86224,0x7ffed34b9000,1
86321,0x7ffed34b9000,1
86329,0x7ffed34b8fc0,1
86433,0x7ffed34b8fc0,1
86517,0x7ffed3550180,0
86614,0x7ffed3550180,0
86657,0x7ffed34b8f80,1
86754,0x7ffed34b8f80,1
86779,0x7ffed34b8f40,1
86882,0x7ffed34b8f40,1
86895,0x7ffed3550240,0
86999,0x7ffed3550240,0
87004,0x7ffed3550280,0
87101,0x7ffed3550280,0
87128,0x7fc6c03a3540,0
87232,0x7fc6c03a3540,0
87236,0x7ffed35502c0,0
87340,0x7ffed35502c0,0
87352,0x7ffed3550300,0
87449,0x7ffed3550300,0
87472,0x7fc6c03ac380,0
87569,0x7fc6c03ac380,0
88107,0x7ffed35501c0,0
88211,0x7ffed35501c0,0
89056,0x7fc6c03a4f00,0
89153,0x7fc6c03a4f00,0
90082,0x7ffed3550200,0
90179,0x7ffed3550200,0
90596,0x7fc6c03a5440,0
90700,0x7fc6c03a5440,0
91011,0x7fc6c03af1c0,1
91115,0x7fc6c03af1c0,1
91572,0x7fc6c03ac3c0,1
91676,0x7fc6c03ac3c0,1
91927,0x7fc6c03afec0,1
92031,0x7fc6c03afec0,1
92054,0x7fc6c03aff00,1
92151,0x7fc6c03aff00,1
92386,0x7fc6c03ac400,1
92483,0x7fc6c03ac400,1
97497,0x7fc6c03af100,0
97594,0x7fc6c03af100,0
97634,0x7fc6c03af100,1
97689,0x7fc6bd8fe000,1
97786,0x7fc6bd8fe000,1
97835,0x7fc6bd8fe040,1
97938,0x7fc6bd8fe040,1
97939,0x7fc6c03a2000,0
98036,0x7fc6c03a2000,0
98045,0x7fc6c03a2040,0
98149,0x7fc6c03a2040,0
98181,0x7fc6bd8fe080,1
98278,0x7fc6bd8fe080,1
98283,0x7fc6bd8fe0c0,1
98387,0x7fc6bd8fe0c0,1
98429,0x7fc6bd8fe100,1
98526,0x7fc6bd8fe100,1
98557,0x7fc6c03aff40,1
98661,0x7fc6c03aff40,1
98714,0x7ffed34bb0c0,0
98818,0x7ffed34bb0c0,0
98828,0x7ffed34bb100,0
98925,0x7ffed34bb100,0
98935,0x7ffed34bb140,0
99039,0x7ffed34bb140,0
100733,0x7fc6c03a3f40,0
100837,0x7fc6c03a3f40,0
101767,0x7ffed34b8f00,1
101864,0x7ffed34b8f00,1
102086,0x7fc6bd8fe140,1
102190,0x7fc6bd8fe140,1
102191,0x7fc6bd8fe180,1
102288,0x7fc6bd8fe180,1
102421,0x7fc6bd8fe1c0,1
102525,0x7fc6bd8fe1c0,1
102548,0x7fc6bd8fe200,1
102645,0x7fc6bd8fe200,1
103279,0x7fc6bd8fe240,0
103383,0x7fc6bd8fe240,0
104969,0x7fc6bd8fe240,1
105142,0x7fc6bd8fe280,1
105239,0x7fc6bd8fe280,1
105270,0x7fc6bd8fe2c0,1
105374,0x7fc6bd8fe2c0,1
106706,0x7fc6bd8fe300,1
106803,0x7fc6bd8fe300,1
106949,0x7fc6bd8fe340,1
107053,0x7fc6bd8fe340,1
107075,0x7fc6bd8fe380,1
107172,0x7fc6bd8fe380,1
108647,0x7fc6bd8fe3c0,1
108751,0x7fc6bd8fe3c0,1
108937,0x7fc6bd8fe400,1
109034,0x7fc6bd8fe400,1
109063,0x7fc6bd8fe440,1
109167,0x7fc6bd8fe440,1
109323,0x7fc6c03af140,0
109427,0x7fc6c03af140,0
109433,0x7fc6c03af140,1
109480,0x7fc6c0376000,0
109577,0x7fc6c0376000,0
109597,0x7fc6c0376240,0
109700,0x7fc6c0376240,0
109702,0x7fc6c0376280,0
109799,0x7fc6c0376280,0
109800,0x7fc6c03aef00,0
109897,0x7fc6c03aef00,0
109900,0x7fc6c03aef40,1
110004,0x7fc6c03aef40,1
110048,0xa28ec0,1
110125,0x7ffed34b8140,0
110229,0x7ffed34b8140,0
110230,0x7ffed34b8140,1
110233,0x7ffed34b8100,1
110330,0x7ffed34b8100,1
114707,0x7ffed34b8c80,1
114804,0x7ffed34b8c80,1
114807,0x7ffed34b8cc0,1
114910,0x7ffed34b8cc0,1
114915,0x7ffed34b8c40,0
115018,0x7ffed34b8c40,0
115019,0x7ffed34b8c40,1
115047,0x7ffed34b8d40,1
115151,0x7ffed34b8d40,1
115191,0x7ffed34b8d00,1
115288,0x7ffed34b8d00,1
115317,0x7ffed34b8c00,1
115414,0x7ffed34b8c00,1
115431,0x7ffed34b8bc0,1
115534,0x7ffed34b8bc0,1
115539,0x4124c0,0
115643,0x4124c0,0
115686,0x7ffed34b8b00,1
115783,0x7ffed34b8b00,1
115784,0x7fc6c03af200,0
115881,0x7fc6c03af200,0
115888,0x7ffed34b8b40,1
115992,0x7ffed34b8b40,1
116027,0x7ffed34b8b80,1
116124,0x7ffed34b8b80,1
116150,0x7ffed34b8ac0,1
116254,0x7ffed34b8ac0,1
116286,0x7ffed34b8a80,1
116384,0x7ffed34b8a80,1
116385,0x7ffed34b8700,1
116482,0x7ffed34b8700,1
116488,0x7fc6c03aea00,0
116585,0x7fc6c03aea00,0
116606,0x7ffed34b86c0,1
116710,0x7ffed34b86c0,1
117156,0x7ffed34b8740,1
117260,0x7ffed34b8740,1
117367,0x7ffed34b8680,1
117464,0x7ffed34b8680,1
117477,0x7ffed34b85c0,1
117581,0x7ffed34b85c0,1
117600,0x7ffed34b8580,0
117697,0x7ffed34b8580,0
117698,0x7ffed34b8580,1
117740,0x7ffed34b8500,1
117837,0x7ffed34b8500,1
117857,0x7ffed34b8540,1
117961,0x7ffed34b8540,1
118056,0x7ffed34b84c0,1
118160,0x7ffed34b84c0,1
118181,0x7ffed34b8480,1
118278,0x7ffed34b8480,1
120167,0x7ffed34b8600,0
120264,0x7ffed34b8600,0
120287,0x7fc6c03aee80,0
120385,0x7fc6c03aee80,0
120528,0x7fc6bd8fe4c0,1
120632,0x7fc6bd8fe4c0,1
120636,0x7fc6bd8fe780,1
120733,0x7fc6bd8fe780,1
120749,0x7fc6bd8fe940,1
120853,0x7fc6bd8fe940,1
120867,0x7fc6bd8fe480,0
120964,0x7fc6bd8fe480,0
120969,0x7fc6bd8fe7c0,0
121073,0x7fc6bd8fe7c0,0
121074,0x7fc6bd8fe480,1
121078,0x7fc6bd8fe7c0,1
121082,0x7fc6bd8fe880,1
121179,0x7fc6bd8fe880,1
121187,0x7fc6bd8fe840,1
121290,0x7fc6bd8fe840,1
121413,0x7fc6bd8fe980,1
121510,0x7fc6bd8fe980,1
121559,0x7fc6bd8fe800,1
121656,0x7fc6bd8fe800,1
121675,0x7ffed34b8780,0
121772,0x7ffed34b8780,0
121861,0x7ffed34b87c0,0
121965,0x7ffed34b87c0,0
121966,0x7ffed34b8300,1
122063,0x7ffed34b8300,1
122115,0x7ffed34b8800,0
122212,0x7ffed34b8800,0
122219,0x7ffed34b8340,1
122323,0x7ffed34b8340,1
122383,0x7ffed34b8840,0
122487,0x7ffed34b8840,0
122488,0x7ffed34b8380,1
122585,0x7ffed34b8380,1
122648,0x7ffed34b83c0,1
122752,0x7ffed34b83c0,1
122753,0x7ffed34b8880,0
122850,0x7ffed34b8880,0
122910,0x7ffed34b88c0,0
123014,0x7ffed34b88c0,0
123028,0x7ffed34b8900,0
123125,0x7ffed34b8900,0
123131,0x7ffed34b8940,0
123234,0x7ffed34b8940,0
123240,0x7ffed34b8980,0
123337,0x7ffed34b8980,0
123347,0x7ffed34b89c0,0
123450,0x7ffed34b89c0,0
123528,0x7ffed34b82c0,1
123632,0x7ffed34b82c0,1
124370,0x7fc67a1fa000,1
124467,0x7fc67a1fa000,1
124492,0x7fc67a1f9c00,0
124589,0x7fc67a1f9c00,0
124607,0x7fc6bd8fe540,1
124711,0x7fc6bd8fe540,1
124712,0x7fc67a1f9c40,0
124816,0x7fc67a1f9c40,0
124833,0x7fc6bd8fe580,1
124930,0x7fc6bd8fe580,1
124937,0x7fc67a1f9c80,0
125034,0x7fc67a1f9c80,0
125044,0x7fc6bd8fe5c0,1
125148,0x7fc6bd8fe5c0,1
125154,0x7fc6bd8fe500,1
125251,0x7fc6bd8fe500,1
125267,0x7fc6bd8fe740,1
125371,0x7fc6bd8fe740,1
125372,0x7fc67a1f9cc0,0
125476,0x7fc67a1f9cc0,0
125502,0x7fc67a1f9d00,0
125599,0x7fc67a1f9d00,0
125604,0x7fc6bd8fe600,1
125701,0x7fc6bd8fe600,1
125726,0x7fc67a1f9d40,0
125830,0x7fc67a1f9d40,0
125856,0x7fc67a1f9d80,0
125953,0x7fc67a1f9d80,0
125975,0x7fc6bd8fe640,1
126079,0x7fc6bd8fe640,1
126091,0x7fc67a1f9dc0,0
126195,0x7fc67a1f9dc0,0
126236,0x7fc67a1f9e00,0
126333,0x7fc67a1f9e00,0
126341,0x7fc6bd8fe680,1
126439,0x7fc6bd8fe680,1
126460,0x7fc67a1f9e40,0
126564,0x7fc67a1f9e40,0
126575,0x7fc67a1f9c80,1
126581,0x7fc67a1f9d00,1
126587,0x7fc67a1f9cc0,1
126600,0x7fc67a1f9e00,1
126606,0x7fc67a1f9d40,1
126657,0x7fc6bd8fe8c0,1
126761,0x7fc6bd8fe8c0,1
126805,0x7fc6bd8fe900,0
126902,0x7fc6bd8fe900,0
126912,0x7fc67a112240,0
127016,0x7fc67a112240,0
127020,0x7fc67a112200,0
127117,0x7fc67a112200,0
127127,0x7fc67a1121c0,0
127231,0x7fc67a1121c0,0
127251,0x7fc67a112280,0
127348,0x7fc67a112280,0
127372,0x7fc67a1122c0,0
127476,0x7fc67a1122c0,0
127518,0x7fc67a112180,0
127615,0x7fc67a112180,0
127621,0x7fc67a112140,0
127725,0x7fc67a112140,0
127731,0x7fc67a112100,0
127828,0x7fc67a112100,0
127832,0x7fc67a1120c0,0
127936,0x7fc67a1120c0,0
127940,0x7fc67a112080,0
128037,0x7fc67a112080,0
128041,0x7fc67a112040,0
128145,0x7fc67a112040,0
128521,0x7fc67a1145c0,0
128625,0x7fc67a1145c0,0
128709,0x7fc67a120580,0
128806,0x7fc67a120580,0
128807,0x7fc6c03a3f80,0
128904,0x7fc6c03a3f80,0
130081,0x7ffed34b8640,1
130185,0x7ffed34b8640,1
131436,0x7fc6bd8fe9c0,1
131540,0x7fc6bd8fe9c0,1
131543,0x7fc6bd8fecc0,1
131647,0x7fc6bd8fecc0,1
131649,0x7fc6bd8fea00,1
131746,0x7fc6bd8fea00,1
131759,0x7fc6bd8fee80,1
131856,0x7fc6bd8fee80,1
131877,0x7fc6bd8fed00,0
131974,0x7fc6bd8fed00,0
131980,0x7fc6bd8fed00,1
131984,0x7fc6bd8fedc0,1
132088,0x7fc6bd8fedc0,1
132096,0x7fc6bd8fed80,1
132193,0x7fc6bd8fed80,1
132200,0x7fc6bd8fed40,1
132304,0x7fc6bd8fed40,1
132418,0x7fc6bd8feec0,1
132521,0x7fc6bd8feec0,1
132598,0x7fc6bd8fec80,1
132695,0x7fc6bd8fec80,1
133084,0x7fc6bd8fee40,1
133187,0x7fc6bd8fee40,1
133998,0x7fc67a0ae080,1
134095,0x7fc67a0ae080,1
134120,0x7fc67a0addc0,0
134224,0x7fc67a0addc0,0
134235,0x7fc6bd8fea80,1
134332,0x7fc6bd8fea80,1
134338,0x7fc6bd8fea40,1
134442,0x7fc6bd8fea40,1
134443,0x7fc67a0ade00,0
134540,0x7fc67a0ade00,0
134550,0x7fc6bd8feac0,1
134654,0x7fc6bd8feac0,1
134668,0x7fc67a0ade40,0
134772,0x7fc67a0ade40,0
134809,0x7fc67a0ade80,0
134906,0x7fc67a0ade80,0
134932,0x7fc67a0adec0,0
135036,0x7fc67a0adec0,0
135062,0x7fc67a0adf00,0
135159,0x7fc67a0adf00,0
135174,0x7fc6bd8feb40,1
135278,0x7fc6bd8feb40,1
135302,0x7fc67a0adf40,0
135406,0x7fc67a0adf40,0
135426,0x7fc6bd8febc0,1
135530,0x7fc6bd8febc0,1
135540,0x7fc6bd8feb80,1
135637,0x7fc6bd8feb80,1
135654,0x7fc67a0ade80,1
135660,0x7fc67a0ade40,1
135668,0x7fc6bd8feb00,0
135765,0x7fc6bd8feb00,0
135772,0x7fc67a0adec0,1
135778,0x7fc67a0adf40,1
135841,0x7fc6bd8fee00,0
135938,0x7fc6bd8fee00,0
135947,0x7fc67a093240,0
136051,0x7fc67a093240,0
136055,0x7fc67a093200,0
136153,0x7fc67a093200,0
136162,0x7fc67a0931c0,0
136266,0x7fc67a0931c0,0
136286,0x7fc67a093280,0
136383,0x7fc67a093280,0
136407,0x7fc67a0932c0,0
136511,0x7fc67a0932c0,0
136531,0x7fc67a093180,0
136628,0x7fc67a093180,0
136634,0x7fc67a093140,0
136737,0x7fc67a093140,0
136743,0x7fc67a093100,0
136840,0x7fc67a093100,0
136845,0x7fc67a0930c0,0
136948,0x7fc67a0930c0,0
136953,0x7fc67a093080,0
137050,0x7fc67a093080,0
137054,0x7fc67a093040,0
137158,0x7fc67a093040,0
137553,0x7fc67a094700,0
137650,0x7fc67a094700,0
137936,0x412500,0
138034,0x412500,0
138177,0x7ffed34b8a40,1
138281,0x7ffed34b8a40,1
139587,0x7ffed34b8440,1
139691,0x7ffed34b8440,1
140841,0x7fc6bd8fef00,1
140938,0x7fc6bd8fef00,1
140942,0x7fc6bd8ff200,1
141039,0x7fc6bd8ff200,1
141040,0x7fc6bd8fef40,1
141144,0x7fc6bd8fef40,1
141157,0x7fc6bd8ff3c0,1
141261,0x7fc6bd8ff3c0,1
141281,0x7fc6bd8ff240,0
141385,0x7fc6bd8ff240,0
141392,0x7fc6bd8ff240,1
141396,0x7fc6bd8ff300,1
141493,0x7fc6bd8ff300,1
141501,0x7fc6bd8ff2c0,1
141605,0x7fc6bd8ff2c0,1
141612,0x7fc6bd8ff280,1
141709,0x7fc6bd8ff280,1
141829,0x7fc6bd8ff400,1
141926,0x7fc6bd8ff400,1
142021,0x7fc6bd8ff1c0,1
142125,0x7fc6bd8ff1c0,1
142514,0x7fc6bd8ff380,1
142611,0x7fc6bd8ff380,1
142678,0x7ffed34b8280,1
142775,0x7ffed34b8280,1
143533,0x7fc67a092040,1
143637,0x7fc67a092040,1
143662,0x7fc67a091dc0,0
143765,0x7fc67a091dc0,0
143776,0x7fc6bd8fefc0,1
143880,0x7fc6bd8fefc0,1
143886,0x7fc6bd8fef80,1
143983,0x7fc6bd8fef80,1
143984,0x7fc67a091e00,0
144081,0x7fc67a091e00,0
144091,0x7fc6bd8ff000,1
144188,0x7fc6bd8ff000,1
144202,0x7fc67a091e40,0
144306,0x7fc67a091e40,0
144343,0x7fc67a091e80,0
144440,0x7fc67a091e80,0
144466,0x7fc67a091ec0,0
144570,0x7fc67a091ec0,0
144596,0x7fc67a091f00,0
144693,0x7fc67a091f00,0
144708,0x7fc6bd8ff080,1
144805,0x7fc6bd8ff080,1
